{"options":{"check_for_updates":true,"user_modified":null,"comment":null,"compatopts_for_requires":true,"compat_wrappedjsobject":false,"compat_metadata":false,"compat_foreach":false,"compat_powerful_this":null,"sandbox":null,"noframes":null,"unwrap":null,"run_at":null,"tab_types":null,"override":{"use_includes":[],"orig_includes":[],"merge_includes":true,"use_matches":[],"orig_matches":["https://challenges.cloudflare.com/cdn-cgi/challenge-platform/*"],"merge_matches":true,"use_excludes":[],"orig_excludes":[],"merge_excludes":true,"use_connects":[],"orig_connects":[],"merge_connects":true,"use_blockers":[],"orig_run_at":"document-idle","orig_noframes":null}},"settings":{"enabled":false,"position":8},"meta":{"name":"Autopass Cloudflare CAPTCHA in iFrame","uuid":"52fca2b2-e4e2-4090-a65a-ad51e12aff1e","modified":1717334497536,"file_url":"https://update.greasyfork.org/scripts/489378/Autopass%20Cloudflare%20CAPTCHA%20in%20iFrame.user.js"}}