{"options":{"check_for_updates":true,"user_modified":null,"comment":null,"compatopts_for_requires":true,"compat_wrappedjsobject":false,"compat_metadata":false,"compat_foreach":false,"compat_powerful_this":null,"sandbox":null,"noframes":null,"unwrap":null,"run_at":null,"tab_types":null,"override":{"use_includes":[],"orig_includes":[],"merge_includes":true,"use_matches":[],"orig_matches":["https://challenges.cloudflare.com/*"],"merge_matches":true,"use_excludes":[],"orig_excludes":[],"merge_excludes":true,"use_connects":[],"orig_connects":[],"merge_connects":true,"use_blockers":[],"orig_run_at":"document-idle","orig_noframes":null}},"settings":{"enabled":false,"position":9},"meta":{"name":"CloudFlare Challenge Optimized","uuid":"2dd3a7cf-87f5-4dc3-8923-726fc7f5ec5c","modified":1717334533425,"file_url":"https://update.greasyfork.org/scripts/495060/CloudFlare%20Challenge%20Optimized.user.js"}}