{"options":{"check_for_updates":true,"user_modified":1717333539635,"comment":null,"compatopts_for_requires":true,"compat_wrappedjsobject":false,"compat_metadata":false,"compat_foreach":false,"compat_powerful_this":null,"sandbox":null,"noframes":null,"unwrap":null,"run_at":null,"tab_types":null,"override":{"use_includes":[],"orig_includes":[],"merge_includes":true,"use_matches":[],"orig_matches":["https://feyorra.site/*","https://earn-pepe.com/*","https://coingux.com/*"],"merge_matches":true,"use_excludes":[],"orig_excludes":[],"merge_excludes":true,"use_connects":[],"orig_connects":[],"merge_connects":true,"use_blockers":[],"orig_run_at":"document-idle","orig_noframes":null}},"settings":{"enabled":true,"position":7},"meta":{"name":"Faucet Rotator feyorra.site earn-pepe.com coingux.com","uuid":"8165ac3a-8837-43b8-a5bb-42e0fcedd5ef","modified":1717333539634}}