{"options":{"check_for_updates":true,"user_modified":null,"comment":null,"compatopts_for_requires":true,"compat_wrappedjsobject":false,"compat_metadata":false,"compat_foreach":false,"compat_powerful_this":null,"sandbox":null,"noframes":null,"unwrap":null,"run_at":null,"tab_types":null,"override":{"use_includes":[],"orig_includes":[],"merge_includes":true,"use_matches":[],"orig_matches":["https://get-bitcoin.net/*","https://claimbits.net/*","https://getdoge.io/*","https://earnbitmoon.club/*","https://dogebits.net/*","https://qashbits.com/*","https://bitdaddy.cash/*","https://funcryptofaucet.com/*","https://coinadster.com/*","https://rushbitcoin.com/*","https://claimfreecoins.cc/*","https://bitcointricks.com/*","https://macrobits.io/*","https://cashmine.online*","https://cashmine.online/*","https://best-shopme.com/*","https://nevcoins.club/*","https://faucetsfly.com/*","https://sports4dbtc.com/*","https://ptchub.xyz/*","https://ltchunt.com/*","https://vsl.one/*","https://topadcoin.com/*","https://probux.org/*","https://nevcoins.club/*","https://grab.tc/*","https://claimlite.club/*","https://sumfaucet.com/*","https://claimfreebits.com/*","https://bitcaps.io/*","https://faucetofbob.xyz/*","https://likeafaucet.com/*","https://faucetgigs.com/*","https://btccanyon.com/*"],"merge_matches":true,"use_excludes":[],"orig_excludes":[],"merge_excludes":true,"use_connects":[],"orig_connects":["claimbits.net","get-bitcoin.net","getdoge.io","faucetbeast.com","earnbitmoon.club","dogebits.net","presearch.com","qashbits.com","bitdaddy.cash","claimbit.com","funcryptofaucet.com","coinadster.com","rushbitcoin.com","claimfreecoins.cc","bitcointricks.com","macrobits.io","cashmine.online","best-shopme.com","adsatosh.com","adfaucetpay.com","adcrypto.co.in","btcadspace.com","earncrypto.in","nevcoins.club","faucetsfly.com","sports4dbtc.com","ptchub.xyz","ltchunt.com","probux.org","topadcoin.com","grab.tc","claimlite.club","sumfaucet.com","claimfreebits.com","bitcaps.io","faucetofbob.xyz","vsl.one","likeafaucet.com","faucetgigs.com","btccanyon.com"],"merge_connects":true,"use_blockers":[],"orig_run_at":"document-idle","orig_noframes":true}},"settings":{"enabled":true,"position":4},"meta":{"name":"IconCaptcha Faucets Rotator","uuid":"10518f38-c7dd-4870-8fc4-78189fdb6b60","modified":1716324165736,"file_url":"https://openuserjs.org/install/steamfaucet/IconCaptcha_Faucets_Rotator.user.js"}}