{"options":{"check_for_updates":true,"user_modified":1716623951177,"comment":null,"compatopts_for_requires":true,"compat_wrappedjsobject":false,"compat_metadata":false,"compat_foreach":false,"compat_powerful_this":null,"sandbox":null,"noframes":null,"unwrap":null,"run_at":null,"tab_types":null,"override":{"use_includes":[],"orig_includes":[],"merge_includes":true,"use_matches":[],"orig_matches":["https://keran.co/*"],"merge_matches":true,"use_excludes":[],"orig_excludes":[],"merge_excludes":true,"use_connects":[],"orig_connects":[],"merge_connects":true,"use_blockers":[],"orig_run_at":"document-idle","orig_noframes":null}},"settings":{"enabled":false,"position":5},"meta":{"name":"KERAN.CO | Claim Faucet","uuid":"96349c2c-1835-45fd-9f31-bc28d7d2d70b","modified":1716623951175,"file_url":"https://update.greasyfork.org/scripts/480402/KERANCO%20%7C%20Claim%20Faucet.user.js"}}