{"options":{"check_for_updates":true,"comment":null,"compat_foreach":false,"compat_metadata":false,"compat_powerful_this":null,"compat_wrappedjsobject":false,"compatopts_for_requires":true,"noframes":null,"override":{"merge_connects":true,"merge_excludes":true,"merge_includes":true,"merge_matches":true,"orig_connects":[],"orig_excludes":[],"orig_includes":[],"orig_matches":["https://challenges.cloudflare.com/*"],"orig_noframes":null,"orig_run_at":"document-idle","use_blockers":[],"use_connects":[],"use_excludes":[],"use_includes":[],"use_matches":[]},"run_at":null,"sandbox":null,"tab_types":null,"unwrap":null,"user_modified":null},"settings":{"enabled":true,"position":26},"meta":{"name":"CloudFlare Turnstile","uuid":"84d317d8-cbbb-430d-82af-dabc8efd06f9","modified":1716324268868,"file_url":"https://openuserjs.org/install/steamfaucet/CloudFlare_Turnstile.user.js"}}