{"options":{"check_for_updates":true,"user_modified":1716623951177,"comment":null,"compatopts_for_requires":true,"compat_wrappedjsobject":false,"compat_metadata":false,"compat_foreach":false,"compat_powerful_this":null,"sandbox":null,"noframes":null,"unwrap":null,"run_at":null,"tab_types":null,"override":{"merge_connects":true,"merge_excludes":true,"merge_includes":true,"merge_matches":true,"orig_connects":[],"orig_excludes":[],"orig_includes":[],"orig_matches":["https://keran.co/*"],"orig_noframes":null,"orig_run_at":"document-idle","use_blockers":[],"use_connects":[],"use_excludes":[],"use_includes":[],"use_matches":[]}},"settings":{"enabled":false,"position":33},"meta":{"name":"KERAN.CO | Claim Faucet","uuid":"96349c2c-1835-45fd-9f31-bc28d7d2d70b","modified":1716623951175,"file_url":"https://update.greasyfork.org/scripts/480402/KERANCO%20%7C%20Claim%20Faucet.user.js"}}